GEO.id,GEO.id2,GEO.display-label,HD01_VD01,HD02_VD01
Id,Id2,Geography,Estimate; Per capita income in the past 12 months (in 2014 Inflation-adjusted dollars),Margin of Error; Per capita income in the past 12 months (in 2014 Inflation-adjusted dollars)
0400000US01,01,Alabama,23606,256
0400000US02,02,Alaska,33062,758
0400000US04,04,Arizona,25715,244
0400000US05,05,Arkansas,22883,409
0400000US06,06,California,30441,108
0400000US08,08,Colorado,32357,350
0400000US09,09,Connecticut,39373,525
0400000US10,10,Delaware,30488,712
0400000US11,11,District of Columbia,45877,1138
0400000US12,12,Florida,26582,165
0400000US13,13,Georgia,25615,212
0400000US15,15,Hawaii,29736,584
0400000US16,16,Idaho,23938,594
0400000US17,17,Illinois,30417,199
0400000US18,18,Indiana,25140,219
0400000US19,19,Iowa,28361,369
0400000US20,20,Kansas,27870,362
0400000US21,21,Kentucky,23684,289
0400000US22,22,Louisiana,24800,290
0400000US23,23,Maine,27978,638
0400000US24,24,Maryland,36338,307
0400000US25,25,Massachusetts,37288,310
0400000US26,26,Michigan,26613,163
0400000US27,27,Minnesota,32638,280
0400000US28,28,Mississippi,21036,302
0400000US29,29,Missouri,26126,251
0400000US30,30,Montana,25989,438
0400000US31,31,Nebraska,27446,352
0400000US32,32,Nevada,25773,325
0400000US33,33,New Hampshire,34691,569
0400000US34,34,New Jersey,36593,300
0400000US35,35,New Mexico,23683,436
0400000US36,36,New York,33095,228
0400000US37,37,North Carolina,25774,193
0400000US38,38,North Dakota,33071,950
0400000US39,39,Ohio,26937,181
0400000US40,40,Oklahoma,25229,227
0400000US41,41,Oregon,27646,249
0400000US42,42,Pennsylvania,29220,198
0400000US44,44,Rhode Island,30830,653
0400000US45,45,South Carolina,24596,309
0400000US46,46,South Dakota,26959,685
0400000US47,47,Tennessee,24922,265
0400000US48,48,Texas,27125,139
0400000US49,49,Utah,24877,300
0400000US50,50,Vermont,29178,770
0400000US51,51,Virginia,34052,240
0400000US53,53,Washington,31841,259
0400000US54,54,West Virginia,22714,391
0400000US55,55,Wisconsin,28213,263
0400000US56,56,Wyoming,29698,823
0400000US72,72,Puerto Rico,11241,192
